name,sku,price,rating
DAKINE Poacher 14 L Snow Pack - Men's,None,$82.49,5.0
Deuter Speed Lite CV 25 Pack - Men's,None,$120.00,4.9
Osprey Hydraulics Reservoir Hose,None,$10.00,1.0
REI Co-op Duck's Back Rain Cover - Medium,None,$34.95,4.8
Gregory Focal 58 Pack - Men's,None,$249.95,4.3
Gregory Targhee 30 Snow Pack - Women's,None,$199.95,5.0
Arc'teryx Mantis 20 Pack,None,$140.00,4.2
REI Co-op Packmod Rainshield Pocket,None,$19.95,4.0
CamelBak Reservoir Dryer,None,$10.49,4.2
Salomon XT 15 L Hydration Pack,None,$130.00,4.3
Sherpani Sojourn Tote Pack - Women's,None,$104.95,4.5
KAVU Wombat Pack,None,$65.00,5.0
Gregory Facet 45 Pack - Women's,None,$229.95,4.0
Ortlieb Velocity PS Pack - 23L,None,$160.00,3.4
CamelBak Lobo Hydration Pack - Women's,None,$74.99,3.0
Osprey Atmos AG LT 65 Pack - Men's,None,$290.00,4.0
Osprey Stratos 34 Pack - Men's,None,$200.00,4.9
Backcountry Access Float 12 Avalanche Airbag 2.0 Pack,None,$499.95,4.7
Deuter Trail 28 SL Pack - Women's,None,$150.00,4.4
Noso Heart Patch,None,$7.95,3.5
Gregory Targhee FastTrack 35 Snow Pack,None,$229.95,5.0
REI Co-op Tarn 12 Pack - Kids',None,$39.95,4.6
Osprey UNLTD AntiGravity 64 Pack - Women's,None,$524.93,0.0
SealLine Pro Zip Duffel - 40L,None,$259.95,4.1
Osprey Sopris 20 Snow Pack - Women's,None,$114.73,0.0
Gregory Deva 70 Pack - Women's,None,$227.73,4.5
Granite Gear Perimeter 35 Pack - Women's,None,$159.73,0.0
Arc'teryx Mantis 30 Pack,None,$180.00,3.3
REI Co-op Tarn 65 Pack - Kids',None,$165.00,4.8
"Pacsafe Metrosafe X Anti-Theft 16"" Commuter Pack",None,$179.95,3.0
Black Diamond Shot 11 Pack,None,$74.73,0.0
Exped Stormrunner 15 Pack,None,$109.95,0.0
CamelBak Rim Runner X 20 Hydration Pack - Women's,None,$74.93,4.3
CamelBak Crux 1.5L Reservoir - 1.5 Liters,None,$24.69,3.9
Gregory Kalmia 60 Pack - Women's,None,$229.93,4.8
Osprey Soelden 32 Snow Pack - Men's,None,$129.73,4.0
ALPS Mountaineering Reservoir 3.0 Hydration Reservoir - 3 Liters,None,$20.73,4.3
Osprey Farpoint 36 Wheeled Travel Pack - Men's,None,$300.00,4.0
Gregory Jade 28 Pack - Women's,None,$169.95,4.9
Gregory Nano 20 Daypack,None,$79.95,4.4
Granite Gear Crown3 60 Pack - Women's,None,$239.95,0.0
CamelBak Crux 2L Reservoir with Filtration Kit - 2 Liters,None,$51.69,3.7
Osprey Kyte 38 Pack - Women's,None,$200.00,5.0
REI Co-op Flash 18 Print Pack,None,$39.95,4.4
Gregory Rhune 20 Pack,None,$119.95,4.8
Osprey Stratos 36 Pack - Men's,None,$220.00,3.2
Gregory Insulated Quick Disconnect Kit,None,$19.95,3.2
MYSTERY RANCH Catalyst 26 Pack,None,$179.00,4.6
Osprey Syncro 12 Hydration Pack - Men's,None,$160.00,0.0
Noso Mountain Patch,None,$7.95,5.0
Osprey Aether Plus 70 Pack - Men's,None,$410.00,4.5
Black Diamond JetForce Pro 25 L Avalanche Airbag Pack,None,"$1,499.95",4.3
Osprey Eja Pro 55 Pack - Women's,None,$290.00,4.2
Osprey Atmos AG LT 50 Pack - Men's,None,$270.00,0.0
Osprey Fairview 36 Wheeled Travel Pack - Women's,None,$300.00,4.1
Osprey Soelden 22 Snow Pack,None,$160.00,0.0
Gregory Swift 16 H2O Hydration Pack - Women's,None,$79.93,4.7
Pacsafe Metrosafe X Anti-Theft 20 L Pack,None,$169.95,4.7
ALPS Mountaineering Tour Pack,None,$95.73,4.0
Osprey Eja 48 Pack - Women's,None,$240.00,4.0
CamelBak Cloud Walker 18 Hydration Pack,None,$67.49,4.3
Osprey Syncro 5 Hydration Pack - Men's,None,$145.00,5.0
Black Diamond JetForce Booster Avalanche Airbag Pack Accessory,None,$69.95,4.5
REI Co-op Traverse 32 Pack - Women's,None,$83.39,4.4
EVOC Stage 12 Pack,None,$160.00,5.0
Gregory Zulu 30 Pack - Men's,None,$169.95,4.6
REI Co-op Trail 40 Pack - Men's,None,$129.00,4.5
CamelBak M.U.L.E. Hydration Pack - Women's,None,$97.49,4.2
Sea to Summit eVac Compression Dry Bag HD,None,$59.95,5.0
Mountain Hardwear PCT 50 L Pack - Women's,None,$209.93,4.7
Osprey Sopris 30 Pack - Women's,None,$180.00,0.0
The North Face Router Pack,None,$159.00,4.6
REI Co-op Pack Duffel Bag,None,$39.95,4.6
Osprey Katari 3 Hydration Pack - Men's,None,$80.00,4.3
DAKINE Heli 12 L Pack - Men's,None,$74.73,0.0
Platypus HyFLO Bite Valve,None,$7.95,4.3
CamelBak Rogue Light 7 L Hydration Pack - Men's,None,$63.69,4.0
Chrome Urban Ex 2.0 Rolltop 20L Pack,None,$140.00,5.0
Gregory 3D Hydro Hydration Reservoir - 2 Liters,None,$42.95,4.5
DAKINE Drafter 10 L Bike Hydration Pack - Women's,None,$119.93,0.0
Osprey BioForm4 Shoulder Straps - Women's,None,$12.83,0.0
CamelBak Fusion 3 L Reservoir,None,$42.69,3.3
Noso Sun Patch,None,$7.95,5.0
Osprey Farpoint 55 Travel Pack - Men's,None,$220.00,4.4
Backcountry Access Float 22 Avalanche Airbag Pack,None,$549.95,5.0
Fjallraven Kanken Mini Pack,None,$80.00,4.6
Gregory Paragon 58 Pack - Men's,None,$259.95,4.6
Black Diamond Distance 22 Pack - Men's,None,$199.95,4.5
Outdoor Research PackOut Graphic Stuff Sack - 10 L,None,$15.73,5.0
Exped Stormrunner 25 Pack,None,$59.83,0.0
Mountain Hardwear AMG 55 Pack,None,$420.00,3.9
Patagonia Fieldsmith Roll-Top Pack,None,$96.73,0.0
Osprey Sopris 30 Snow Pack - Women's,None,$129.73,0.0
EVOC Hydro Pro 1.5 Hydration Pack,None,$130.00,4.5
The North Face Recon Pack,None,$109.00,4.6
CamelBak Big Bite Valves - Package of 4,None,$12.69,4.6
SealLine Pro Dry Pack - 120 Liters,None,$339.95,4.9
Gregory Nano 18 H2O Hydration Pack,None,$79.95,4.7
Fjallraven Kanken No. 2 Laptop Pack,None,$160.00,5.0
Topo Designs Daypack Classic,None,$99.00,3.0
MYSTERY RANCH Coulee 20 Pack - Women's,None,$179.00,3.7
SealLine Black Canyon Dry Pack - 115 Liters,None,$279.95,4.3
Osprey Daylite Pack,None,$65.00,4.6
Osprey Fairview 65 Wheeled Travel Pack - Women's,None,$320.00,4.3
Patagonia Refugio 30L Pack,None,$129.00,4.5
Fjallraven Raven 20 Pack,None,$100.00,4.3
Osprey Daylite Plus Pack,None,$75.00,4.6
Backcountry Access Float E2-35 Avalanche Airbag Pack,None,"$1,299.95",0.0
Osprey Hydraulics Bite Valve Sheath - Package of 3,None,$10.00,1.0
Arc'teryx Aerios 45 Pack - Women's,None,$250.00,4.6
Osprey Renn 50 Pack - Women's,None,$134.93,4.7
CamelBak M.U.L.E. Commute 22 Hydration Pack - Men's,None,$104.99,4.4
Fjallraven Raven 28 Pack,None,$120.00,4.4
Cotopaxi Allpa 42 L Travel Pack,None,$220.00,4.8
Osprey Kamber 30 Snow Pack - Men's,None,$210.00,5.0
Backcountry Access Float 2.0 Airbag Cylinder,None,$199.95,5.0
Granite Gear Perimeter 35 Pack,None,$159.73,0.0
Outdoor Research Field Explorer Pack - 25 L,None,$99.73,4.0
Platypus Big Zip EVO Filter Connect Kit,None,$15.95,2.5
GOT BAG The Rolltop Lite Pack,None,$110.93,4.5
Osprey Heritage Simplex 20 Pack,None,$104.73,0.0
Arc'teryx Aerios 15 Pack - Women's,None,$130.00,4.8
Osprey Fairview 40 Travel Pack - Women's,None,$185.00,3.9
The North Face Surge Pack - Women's,None,$139.00,4.4
REI Co-op Packmod Accessory Straps - Package of 2,None,$9.95,4.6
REI Co-op Commuter Pack,None,$89.95,4.6
Gregory Kalmia 60 Pack - Women's Plus Sizes,None,$229.93,4.9
Picture Organic Clothing Komit 22 Snow Pack,None,$140.00,0.0
The North Face Borealis Pack - Women's,None,$99.00,4.6
Black Diamond Dawn Patrol 15 Snow Pack,None,$119.89,5.0
Gregory Magnetic Bite Valve,None,$9.95,3.8
CamelBak Lobo Hydration Pack - Men's,None,$74.99,3.7
Fjallraven Skule 20 Pack,None,$85.00,0.0
Osprey Mira 32 Hydration Pack - Women's,None,$220.00,5.0
Osprey Kyte 36 Pack - Women's,None,$134.73,5.0
Osprey Kestrel 48 Pack - Men's,None,$149.73,4.9
Cotopaxi Tago Drawstring Pack - Del Dia,None,$40.00,4.8
Osprey Siskin 12 Hydration Pack - Men's,None,$140.00,0.0
Osprey Sternum Magnets - Package of 3,None,$12.00,0.0
Osprey Daylite Pack Special Edition,None,$65.00,4.6
Sea to Summit Ultra-Sil Travel Day Pack,None,$44.95,4.6
MYSTERY RANCH Quick-Attach Zoid Bag - Medium,None,$24.00,4.8
Osprey Kitsuma 7 Hydration Pack - Women's,None,$90.00,4.7
Fjallraven Kanken Rainbow Pack,None,$95.00,4.5
Osprey Soelden 32 Snow Pack,None,$180.00,0.0
Gregory Baltoro 65 Pack - Men's,None,$224.73,4.7
Osprey Eja 58 Pack - Women's,None,$260.00,4.4
Platypus Bite Valve Cover,None,$9.95,4.0
Osprey Ariel 65 Pack - Women's,None,$320.00,4.3
Exped Splash 15 Pack,None,$39.95,4.5
REI Co-op Ruckpack 28 Recycled Daypack - Men's,None,$99.95,4.2
Hyperlite Mountain Gear Southwest 40 Pack,None,$349.00,4.4
Osprey Transporter Roll Top Pack,None,$119.73,0.0
Gregory Nano 18 Daypack,None,$64.95,4.7
Sherpani Slone Convertible Pack - Women's,None,$64.95,4.3
Osprey Tempest 20 Pack - Women's,None,$119.93,4.2
Jones DSCNT 19 L Snow Pack,None,$101.93,5.0
Osprey Quasar Pack,None,$79.73,5.0
EVOC Trail Pro 16 Pack,None,$260.00,0.0
Gregory Hydro Hydration Reservoir - 2 Liters,None,$29.95,4.1
The North Face Explore Fusebox Pack - Small,None,$89.00,4.8
Outdoor Research Field Explorer Pack - 20 L,None,$69.73,3.5
Black Diamond Distance 8 Hydration Pack,None,$159.95,4.4
Gregory Targhee 32 Snow Pack,None,$199.95,4.7
Herschel Supply Co. Pop Quiz Pack,None,$95.00,4.5
The North Face Base Camp Travel Pack,None,$169.00,4.7
Gregory Kalmia 50 Pack - Women's,None,$209.93,4.6
Picture Organic Clothing Komit 18 Snow Pack,None,$115.00,0.0
Osprey IsoForm5 Pack Harness Shoulder Straps - Women's,None,$11.83,0.0
MYSTERY RANCH Gallagator Pack,None,$89.00,4.5
Patagonia Terravia Pack - 14 L,None,$109.00,4.2
Osprey Aether Plus 100 Pack - Men's,None,$450.00,4.5
REI Co-op Link 15 L Hydration Pack,None,$79.95,4.3
REI Co-op Duck's Back Rain Cover - Small,None,$29.95,4.6
Chrome Bravo 4.0 Pack,None,$180.00,0.0
Gregory Zulu 30 Pack - Men's - S/M,None,$119.73,4.7
REI Co-op Link 10 L Hydration Pack,None,$79.95,4.5
ALPS Mountaineering Torrent Dry Bag - 20 Liter,None,$20.73,0.0
Patagonia Black Hole Pack - 32 L,None,$169.00,0.0
MYSTERY RANCH Terraframe 3-Zip 50 Pack - Men's,None,$399.00,4.9
Osprey Tropos 32 Pack,None,$180.00,4.2
Arc'teryx Aerios 15 Pack - Men's,None,$96.93,4.3
MYSTERY RANCH Blitz 35 Pack,None,$329.00,4.5
Osprey StraightJacket Compression Sack,None,$28.00,3.0
REI Co-op Trailmade 60 Pack - Men's,None,$169.00,4.5
Osprey Katari 1.5 Hydration Pack - Men's,None,$48.73,3.9
SealLine Big Fork Dry Pack - 30 Liters,None,$174.95,4.3
Osprey Ariel Plus 70 Pack - Women's,None,$306.93,5.0
Osprey Raptor 14 Hydration Pack - Men's,None,$175.00,4.7
REI Co-op Flash 18 Pack - Latino Outdoors Edition,None,$39.95,4.4
ALPS Mountaineering Abyss 55 Pack,None,$113.73,4.7
Rapha Rainproof Essentials Case - Large,None,$39.00,5.0
Gregory Targhee 24 Snow Pack - Women's,None,$179.95,4.3
CamelBak Hydrobak Light Hydration Pack - Men's,None,$48.69,4.4
DAKINE Mission 25L Snow Pack - Women's,None,$95.00,1.5
Sherpani Cabo Convertible Pack - Women's,None,$74.95,4.7
Osprey AirPorter LZ Pack Duffel - Medium,None,$65.00,4.3
Osprey Daylite Plus Pack Special Edition,None,$75.00,4.8
DAKINE Heli Pro 20L Snow Pack - Men's,None,$89.99,3.5
CamelBak Fusion 2 L Reservoir,None,$41.19,3.8
Gregory Inertia 24 H2O Hydration Pack - Men's,None,$89.93,4.2
Ultimate Direction Fastpack 30 Pack,None,$179.95,2.8
Sea to Summit eVac Compression Dry Bag,None,$39.95,5.0
Osprey Talon 22 Pack - Men's,None,$160.00,4.5
Bottle Bright Cleaning Tablets - Package of 12,None,$8.00,4.7
Deuter Aircontact Ultra 50 + 5 Pack - Men's,None,$186.93,4.9
Outdoor Research PackOut Graphic Dry Bag - 15 L,None,$22.73,0.0
Osprey Talon 36 Pack - Men's,None,$149.93,5.0
Osprey Aura LT 65 Pack - Women's,None,$290.00,3.5
Osprey Sportlite 25 Pack,None,$125.00,4.4
Osprey Farpoint 70 Travel Pack - Men's,None,$230.00,4.5
EVOC Trail Pro 10 Pack,None,$240.00,1.0
Osprey Moki 1.5 Hydration Pack - Kids',None,$65.00,5.0
Osprey Aether Pro 70 Pack - Men's,None,$299.93,4.0
Gregory Wander 70 Pack - Kids',None,$159.93,4.9
Gregory 3D Hydro Trek Hydration Reservoir - 3 Liters,None,$35.73,1.0
REI Co-op Trail 40 Pack - Women's,None,$129.00,4.7
Osprey Aura AG 65 Pack - Women's,None,$340.00,4.3
Osprey UNLTD AirScape 68 Pack - Women's,None,$524.93,4.0
MYSTERY RANCH Glacier Pack - Men's,None,$375.00,4.6
Osprey Ariel 55 Pack - Women's,None,$300.00,4.5
CamelBak Mini M.U.L.E. 1.5L Hydration Pack - Kids',None,$44.99,4.3
Gregory Baltoro 85 Pro Pack - Men's,None,$399.95,4.6
REI Co-op Packmod Hipbelt Extender,None,$14.95,5.0
Osprey Kyte 58 Pack - Women's,None,$240.00,0.0
Gregory Maven 65 Pack - Women's,None,$279.95,4.8
Sea to Summit eVac Dry Bag,None,$26.95,5.0
DAKINE Heli Pro 24 L Snow Pack - Women's,None,$89.73,0.0
DAKINE Heli Pro 24L Snow Pack - Men's,None,$104.99,4.3
Osprey Kitsuma 3 Hydration Pack - Women's,None,$80.00,5.0
CamelBak Zoid Snow Hydration Pack,None,$67.49,5.0
Noso National Park Patch,None,$6.93,4.0
Gregory Deva 70 Pack - Women's,None,$359.95,4.9
CamelBak SnoBlast Hydration Pack,None,$89.99,3.3
REI Co-op Packmod Hipbelt Pocket,None,$14.95,3.5
Osprey Hydraulics LT Reservoir - 1.5 Liters,None,$21.73,3.3
Deuter Trail 30 Pack - Men's,None,$150.00,4.5
Sherpani Avalon Daypack - Women's,None,$99.95,4.0
Cotopaxi Batac 16 L Del Dia Pack,None,$65.00,4.8
Fjallraven High Coast Foldsack 24 Pack,None,$100.00,0.0
Osprey Katari 1.5 Hydration Pack - Men's,None,$70.00,0.0
REI Co-op Flash 22 Pack,None,$59.95,4.2
Gregory Katmai 55 Pack - Men's,None,$209.93,4.7
Outdoor Research PackOut Graphic Stuff Sack - 35 L,None,$24.73,5.0
Noso Starry Starry Night Patch,None,$9.95,0.0
Outdoor Research PackOut Graphic Dry Bag - 8 L,None,$19.73,5.0
Thule Nanum 25 L Pack,None,$119.95,4.8
CamelBak Hydrobak Light Hydration Pack - Women's,None,$48.69,4.3
Osprey Ariel Pro 65 Pack - Women's,None,$299.93,4.4
Matador SEG45 Travel Pack,None,$200.00,4.6
Osprey Sylva 12 Hydration Pack - Women's,None,$160.00,0.0
Cotopaxi Batac Del Dia 24 L Pack,None,$85.00,4.9
Osprey AirPorter LZ Pack Duffel - Small,None,$60.00,5.0
Gregory Jade 63 Pack - Women's,None,$186.73,5.0
Osprey Tempest 34 Pack - Women's,None,$200.00,5.0
Osprey Ultralight Pack Liner - Large,None,$50.00,0.0
CamelBak Fourteener 24 Hydration Pack - Women's,None,$104.99,3.3
Osprey Raven 10 Hydration Pack - Women's,None,$99.73,3.6
Platypus Big Zip EVO Reservoir - 2 Liters,None,$47.95,3.5
Osprey Mira 22 Hydration Pack - Women's,None,$200.00,4.3
REI Co-op Traverse 60 Pack - Women's,None,$229.00,4.2
CamelBak Rim Runner X 22 Hydration Pack - Men's,None,$74.93,4.6
MYSTERY RANCH 3-Way 18 Expandable Briefcase,None,$199.00,4.7
Gregory Targhee 45 Snow Pack,None,$219.95,4.9
The North Face Isabella 3.0 Pack - Women's,None,$89.00,4.6
Osprey Hydrajet 12 Hydration Pack - Kids',None,$54.73,0.0
Osprey Kestrel 58 Pack - Men's,None,$240.00,5.0
REI Co-op Beyonder Convertible Bag,None,$34.93,3.8
Osprey Skarab 18 Hydration Pack - Men's,None,$110.00,0.0
Osprey Transporter Waterproof 18 Pack,None,$64.93,0.0
Thule Nanum 18 L Pack,None,$99.95,5.0
Pacsafe MetroSafe LS350 ECONYL Daypack,None,$139.95,4.7
Gregory Raincover 50-80 L,None,$39.95,4.8
Osprey Exos 48 Pack - Men's,None,$240.00,4.0
Gregory Swift 22 H2O Hydration Pack - Women's,None,$89.93,4.3
Osprey Skimmer 16 Hydration Pack - Women's,None,$110.00,0.0
Gregory Rhune 22 Pack,None,$104.73,0.0
Black Diamond Speed 40 Pack,None,$204.95,4.2
Black Diamond Distance 8 Hydration Pack - Women's,None,$159.95,0.0
Osprey Sirrus 24 Pack - Women's,None,$180.00,4.4
Osprey Salida 12 Hydration Pack - Women's,None,$140.00,0.0
Deuter Aircontact Core 50 + 10 Pack - Men's,None,$230.00,4.8
Fjallraven Ulvo 30 Travel Daypack,None,$150.00,3.0
Osprey Kresta 30 Snow Pack - Women's,None,$210.00,5.0
Fjallraven Ulvo 23 Pack,None,$125.00,4.3
Osprey Sylva 5 Hydration Pack - Women's,None,$107.93,0.0
Chrome Volcan Pack,None,$74.93,4.2
ALPS Mountaineering Caldera 90 Pack,None,$173.73,4.4
Patagonia Fieldsmith Linked Pack,None,$66.73,0.0
MYSTERY RANCH Urban Assault 21 Pack,None,$96.93,4.3
Hyperlite Mountain Gear Stuff Pack,None,$129.00,5.0
Gregory Amber 55 Pack - Women's,None,$142.73,0.0
Fjallraven Kanken Travel Daypack,None,$90.00,0.0
SealLine Pro Dry Pack - 70 Liters,None,$314.95,4.8
Osprey Hikelite 26 Pack,None,$130.00,4.5
Osprey Exos 58 Pack - Men's,None,$260.00,4.3
Gregory Targhee FastTrack 45 Snow Pack,None,$249.95,4.4
Osprey Skimmer 28 Hydration Pack - Women's,None,$150.00,4.2
Osprey Siskin 8 Hydration Pack - Men's,None,$130.00,0.0
Cotopaxi Allpa 35 L Del Dia Travel Pack & Packing Cubes Bundle,None,$215.00,5.0
Backcountry Access Float 42 Avalanche Airbag Pack,None,$749.95,0.0
DAKINE Heli Pro 24L Snow Pack - Women's,None,$104.93,0.0
CamelBak Crux 3L Reservoir - 3 Liters,None,$29.19,3.7
Gregory Baltoro 75 Pack - Men's,None,$359.95,4.6
REI Co-op Flash 55 Pack - Women's,None,$199.00,4.2
Osprey Arcane Large Day Bag,None,$110.00,4.0
Sea to Summit Ultra-Sil Stuff Sack - Set of 3,None,$54.95,4.8
Osprey Hydraulics Bite Valve,None,$9.00,4.0
Fjallraven Kanken Pack,None,$90.00,4.2
REI Co-op Tarn 40 Pack - Kids',None,$119.00,4.3
CamelBak Big Bite Valve,None,$5.59,4.9
Osprey Glade 12 Hydration Pack,None,$89.73,0.0
Ultimate Direction Fastpack 20,None,$149.95,2.7
Osprey Hydraulics LT Reservoir - 1.5 Liters,None,$44.00,0.0
Gregory Inertia 18 H2O Hydration Pack - Men's,None,$79.93,4.3
Black Diamond Dawn Patrol 25 Snow Pack,None,$143.89,4.4
Gregory Targhee 26 Snow Pack,None,$179.95,4.6
The North Face Recon W Pack - Women's,None,$109.00,4.6
CamelBak Arete 18 Hydration Pack,None,$56.19,4.1
Gregory Miko 20 Pack - Men's,None,$129.95,4.4
MYSTERY RANCH Scree 32 Pack - Women's,None,$209.00,4.8
Osprey Talon 33 Pack - Men's,None,$190.00,3.9
Osprey Skarab 30 Hydration Pack - Men's,None,$109.73,4.8
The North Face Borealis Pack,None,$99.00,4.7
Osprey Sojourn Porter 46 Travel Pack,None,$195.00,4.5
Gregory Citro 24 H2O Hydration Pack - Men's,None,$169.95,4.5
Gregory Jade 63 Pack - Women's,None,$269.95,4.7
Gregory Maven 55 Pack - Women's,None,$259.95,4.6
Gregory Katmai 65 Pack - Men's,None,$229.93,4.9
REI Co-op Beyonder Pack,None,$88.93,4.7
Mountainsmith Strapettes,None,$27.95,4.5
The North Face Bozer Cinch Pack,None,$16.83,5.0
REI Co-op Tarn 18 Pack - Kids',None,$49.95,4.8
Osprey Glade 12 Hydration Snow Pack,None,$130.00,0.0
Deuter Speed Lite 28 SL Pack - Women's,None,$150.00,4.6
Deuter Trail 16 SL Pack - Women's,None,$120.00,3.7
Gregory Zulu 55 Pack - Men's,None,$164.73,4.8
Gregory Deva 70 Pack - Women's,None,$247.73,5.0
Osprey Manta 24 Hydration Pack - Men's,None,$200.00,4.4
Osprey Kyte 48 Pack - Women's,None,$220.00,3.8
Fjallraven Kajka 35 Travel Pack,None,$275.00,5.0
REI Co-op Packmod Rainshield Pocket,None,$19.95,4.4
Deuter Speed Lite 30 Pack - Men's,None,$150.00,5.0
DAKINE Seeker 18L Hydration Pack,None,$215.00,0.0
Fjallraven Skule 28 Pack,None,$100.00,5.0
REI Co-op Duck's Back Rain Cover - Large,None,$39.95,4.6
Osprey Aura AG LT 50 Pack - Women's,None,$270.00,5.0
Fjallraven Abisko Hike 35 Travel Pack,None,$200.00,5.0
Osprey Sopris 20 Pack - Women's,None,$160.00,0.0
CamelBak M.U.L.E. Hydration Pack - Men's,None,$97.49,4.2
CamelBak M.U.L.E. Evo Hydration Pack,None,$112.49,5.0
Outdoor Research PackOut Graphic Stuff Sack - 20 L,None,$18.73,5.0
Deuter Trail 18 Pack - Men's,None,$120.00,5.0
Patagonia Black Hole Pack - 25 L,None,$149.00,5.0
Fjallraven S/F Cave Pack,None,$130.00,0.0
REI Co-op Ruckpack 40 Recycled Pack - Women's,None,$149.00,4.7
Sherpani Camden Pack,None,$100.00,5.0
Osprey Sojourn Porter 30 Travel Pack,None,$175.00,5.0
Osprey Hydraulics Reservoir - 3 Liters,None,$55.00,3.2
Osprey Kamber 20 Snow Pack - Men's,None,$180.00,5.0
HydraPak HydraSleeve Reservoir - 3 Liters,None,$65.00,4.1
Gregory Nano 24 Daypack,None,$89.95,3.5
Deuter Aircontact Core 65 + 10 Pack - Men's,None,$250.00,4.7
Gregory Miko 20 Pack - Men's Plus Size,None,$129.95,4.7
Osprey Ultralight Pack Liner - Medium,None,$45.00,0.0
Osprey Glade 5 Hydration Snow Pack,None,$100.00,0.0
Black Diamond JetForce Pro Split 25L Avalanche Airbag Pack,None,"$1,499.95",2.5
Sea to Summit Ultra-Sil Dry Bag,None,$22.95,4.4
Deuter Speed Lite 21 Pack,None,$80.00,4.7
CamelBak Octane 16 Hydration Pack,None,$112.49,4.3
Timbuk2 The Division Pack DLX Eco,None,$139.00,4.0
Herschel Supply Co. Retreat Small Pack - Women's,None,$36.93,3.7
CamelBak Crux Replacement Tube,None,$10.49,2.8
Osprey Skarab 22 Hydration Pack - Men's,None,$89.73,4.0
Hyperlite Mountain Gear Southwest 55 Pack,None,$379.00,3.9
Osprey Raven 10 Hydration Pack - Women's,None,$165.00,5.0
Exped Typhoon 15 Pack,None,$84.95,4.4
Union Expedition Snow Pack - 24 L,None,$149.95,0.0
TYR Big Mesh Mummy Pack,None,$20.00,4.7
Granite Gear Blaze 60 Pack - Women's,None,$299.95,4.4
Gregory Zulu 65 Pack - Men's,None,$269.95,4.7
Gregory Focal 48 Pack - Men's,None,$229.95,4.5
Black Diamond Dawn Patrol 32 Snow Pack,None,$159.89,4.7
Patagonia Refugito 12 L Daypack - Kids',None,$69.00,5.0
Osprey Metron 22 Roll-Top Pack,None,$170.00,4.5
Osprey Ace 38 Pack - Kids',None,$160.00,0.0
DAKINE Drafter 10 L Bike Hydration Pack - Men's,None,$119.93,5.0
Deuter Aircontact Core 60 + 10 SL Pack - Women's,None,$250.00,4.7
Gregory Miwok 12 Pack - Men's,None,$74.73,4.9
ALPS Mountaineering Baja 20 Pack,None,$81.73,4.0
Gregory Rhune 25 Pack,None,$129.95,4.7
Cotopaxi Luzon 18 L Pack - Del Dia,None,$60.00,4.7
Arc'teryx Bora 60 Pack - Women's,None,$320.00,4.3
Osprey Fairview 55 Travel Pack - Women's,None,$220.00,4.5
CamelBak Powderhound 12 Snow Hydration Pack,None,$82.49,4.4
Osprey UltraLight Raincover - Medium,None,$40.00,2.0
Gregory Miwok 18 Pack - Men's Plus Size,None,$82.73,0.0
Osprey Skimmer 20 Hydration Pack - Women's,None,$130.00,5.0
Osprey Ultralight Dry Sack,None,$18.00,4.3
REI Co-op Pack In Pack Out Pouches - Set of 3,None,$24.95,4.5
MYSTERY RANCH Terraframe 65 Pack - Men's,None,$449.00,4.7
SealLine Skylake Dry Pack - 18 Liters,None,$124.95,4.6
Osprey Raptor Pro 18 Pack - Men's,None,$280.00,0.0
Big Agnes Pumphouse Ultra,None,$39.95,4.1
EVOC FR Enduro Blackline 16 Pack,None,$220.00,0.0
CamelBak Reservoir Gravity Kit,None,$12.69,5.0
Osprey Skarab 22 Hydration Pack - Men's,None,$130.00,4.0
ALPS Mountaineering Torrent Dry Bag - 50 Liter,None,$27.73,0.0
Topo Designs Light Pack,None,$79.00,4.8
Noso Sasquatch Patch,None,$9.95,0.0
Sea to Summit Utensil/Peg Bag,None,$9.95,4.2
Patagonia Fieldsmith Lid Pack,None,$81.73,0.0
ALPS Mountaineering Baja 60 Pack,None,$106.73,3.6
Osprey Sirrus 34 Pack - Women's,None,$200.00,4.7
Osprey Skarab 30 Hydration Pack - Men's,None,$109.93,4.7
Gregory Deva 80 Pro Pack - Women's,None,$399.95,5.0
Black Diamond Pursuit 15 Pack - Women's,None,$109.93,0.0
Deuter Aircontact Core 45 + 10 SL Pack - Women's,None,$230.00,4.6
Gregory Rhune 22 Pack,None,$139.95,4.8
Gregory Paragon 48 Pack - Men's,None,$229.95,4.6
Osprey Atmos AG 65 Pack - Men's,None,$340.00,4.5
MYSTERY RANCH District 18 Backpack,None,$159.00,4.8
Gregory Quick Disconnect Kit,None,$14.95,3.8
Cotopaxi Tasra Del Dia 16L Pack,None,$90.00,4.8
Osprey Hydraulics Bite Valve Cover,None,$7.00,0.0
Fjallraven Kanken Organizer,None,$40.00,4.5
Ortovox AVABAG LiTRIC Zero 27 Avalanche Airbag Pack,None,"$1,200.00",0.0
Osprey Hydraulics LT Reservoir - 2.5 Liters,None,$24.73,1.8
REI Co-op Duck's Back Rain Cover - XS,None,$26.95,4.6
Granite Gear Perimeter 50 Pack - Women's,None,$174.73,0.0
The North Face Jester Daypack - Women's,None,$75.00,4.7
Osprey Transporter Waterproof 30 Pack,None,$94.93,0.0
Mountain Hardwear AMG 105 Pack,None,$314.93,3.9
Cotopaxi Luzon 24L Pack - Del Dia,None,$80.00,4.7
REI Co-op Flash 18 Pack - Pride Graphic Edition,None,$39.95,4.4
Osprey Hydraulics Hose Magnet Kit,None,$10.00,5.0
Sea to Summit Ultra-Sil Dry Bag - Set of 3,None,$69.95,5.0
Osprey Raptor 10 Hydration Pack - Men's,None,$165.00,5.0
Gregory Juno 30 H2O Pack - Women's Plus Sizes,None,$179.95,4.5
Osprey AirPorter LZ Pack Duffel - Large,None,$70.00,0.0
Mazama Designs INTAKE LT Reservoir - 2 Liters,None,$18.73,3.7
Cotopaxi Allpa 28 L Travel Pack,None,$170.00,4.7
Cotopaxi Allpa 35 L Travel Pack - Del Dia,None,$190.00,4.9
DAKINE Seeker 10L Hydration Pack,None,$200.00,0.0
Osprey BioForm4 Shoulder Straps - Men's,None,$11.93,0.0
REI Co-op Duck's Back Rain Cover - Extra-Large,None,$41.95,4.0
Osprey Kitsuma 1.5 Hydration Pack - Women's,None,$70.00,1.0
Osprey Arcane Roll Top Pack,None,$79.73,0.0
Marmot Anza Pack - Men's,None,$49.73,4.6
Gregory Deva 60 Pack - Women's,None,$208.73,4.5
Gregory Deva 60 Pack - Women's,None,$329.95,4.6
Deuter Schmusebar Pack - Kids',None,$50.00,4.9
Granite Gear Perimeter 50 Pack,None,$174.73,0.0
Osprey Kyte 46 Pack - Women's,None,$149.73,4.5
Gregory Citro 30 H2O Hydration Pack - Men's Plus Sizes,None,$179.95,4.6
Gregory Baltoro 75 Pack - Men's,None,$247.73,4.5
Deuter AC Lite 24 Pack - Men's,None,$89.93,4.5
Osprey Ace 50 Pack - Kids',None,$190.00,4.5
Gregory Nano 18 H2O Hydration Pack - Plus Size,None,$79.95,4.3
Gregory Facet 55 Pack - Women's,None,$249.95,4.1
DAKINE Team Poacher 32 L Snow Pack - Men's,None,$174.73,0.0
EVOC Stage 6 Hydration Pack,None,$160.00,5.0
Osprey Atmos AG 50 Pack - Men's,None,$315.00,4.6
Osprey Kresta 20 Snow Pack - Women's,None,$180.00,4.5
Granite Gear Crown3 60 Pack - Men's,None,$239.95,4.5
Patagonia Terravia Pack - 22 L,None,$129.00,4.0
GOT BAG The Daypack,None,$65.93,3.7
Arc'teryx Aerios 45 Pack - Men's,None,$186.93,4.2
Gregory Baltoro 65 Pack - Men's,None,$329.95,4.3
REI Co-op Ditty Sack - Set of 3,None,$19.95,4.6
Cotopaxi Tarak 20L Del Dia Pack,None,$105.00,4.7
Osprey Quick Connect Kit,None,$12.00,0.0
Gregory Targhee FastTrack 24 Snow Pack,None,$199.95,2.5
"Fjallraven Kanken 17"" Laptop Pack",None,$125.00,0.0
Gregory Miko 25 Pack - Men's,None,$139.95,4.4
Outdoor Research PackOut Graphic Dry Bag - 10 L,None,$21.73,5.0
REI Co-op Flash 55 Pack - Men's,None,$199.00,4.4
Sherpani Soleil AT Bag - Women's,None,$135.00,5.0
MYSTERY RANCH Catalyst 22 Pack,None,$149.00,3.6
REI Co-op Sternum Strap Replacement,None,$4.95,0.0
CamelBak Octane 22 Hydration Pack,None,$127.49,3.3
Fjallraven Vardag 25 Pack,None,$75.00,4.7
ALPS Mountaineering Hydro Trail 15 Pack,None,$68.73,4.5
Osprey Soelden 22 Snow Pack - Men's,None,$114.73,0.0
Osprey Kestrel 48 Pack - Men's,None,$220.00,4.7
Gregory Jade 53 Pack - Women's,None,$164.73,4.6
Arc'teryx Aerios 30 Pack - Women's,None,$190.00,4.2
Osprey Rook 50 Pack - Men's,None,$134.93,4.1
Osprey Kestrel 38 Pack - Men's,None,$200.00,5.0
Gregory Jade 28 Pack - Women's,None,$119.73,4.6
ALPS Mountaineering Baja 40 Pack,None,$117.73,4.6
Backcountry Access Float 32 Avalanche Airbag Pack,None,$599.95,5.0
Osprey Skarab 18 Hydration Pack - Men's,None,$74.73,0.0
MYSTERY RANCH Coulee 30 Pack - Men's,None,$189.00,5.0
Osprey UltraLight Raincover - Extra Large,None,$50.00,0.0
Gregory Juno 30 H2O Hydration Pack - Women's,None,$179.95,4.4
Outdoor Research PackOut Graphic Stuff Sack - 15 L,None,$16.73,4.7
Osprey Raven 14 Hydration Pack - Women's,None,$175.00,5.0
Noso Avocado Patch,None,$11.95,0.0
CamelBak Fourteener 26 Hydration Pack - Men's,None,$104.99,5.0
CamelBak Arete 14 Hydration Pack,None,$48.69,4.2
Deuter AC Lite 22 SL Pack - Women's,None,$89.93,4.7
Osprey Transporter Waterproof 25 Pack,None,$81.93,0.0
Osprey Stratos 24 Pack - Men's,None,$180.00,4.5
Osprey Aether Plus 85 Pack - Men's,None,$440.00,4.1
Matador SEG28 Travel Pack,None,$250.00,4.1
Gregory 3D Hydro Hydration Reservoir - 3 Liters,None,$44.95,4.5
Patagonia Refugito 18 L Daypack - Kids',None,$79.00,5.0
Osprey Hydraulics Reservoir Cleaning Kit,None,$19.73,0.0
REI Co-op Traverse 60 Pack - Men's,None,$229.00,4.2
Osprey Ultralight Dry Sack with Window,None,$22.00,0.0
Patagonia Refugio 26L Pack,None,$109.00,4.5
Osprey Hydraulics LT Reservoir - 2.5 Liters,None,$46.00,1.0
REI Co-op Trail 25 Pack - Women's,None,$79.95,4.6
Noso Lumberjack Patch,None,$9.95,0.0
Gregory 3D Hydro Reservoir - 2 Liters,None,$29.73,3.7
Gregory Nano 30 Daypack,None,$99.95,0.0
Thule Aion Travel Pack - 28 L,None,$189.95,4.7
Osprey Tempest Pro 18 Pack - Women's,None,$149.93,4.7
Arc'teryx Bora 70 Pack - Women's,None,$360.00,4.0
Osprey Tempest 40 Pack - Women's,None,$220.00,4.8
Osprey Glade 5 Hydration Pack,None,$64.73,0.0
SealLine Black Canyon Dry Pack - 65 Liters,None,$259.95,4.5
DAKINE x HydraPak Lumbar Replacement Reservoir - 2 Liters,None,$50.00,3.0
REI Co-op Durable Stuff Sack,None,$10.95,4.7
EVOC FR Trail Blackline 20 Pack,None,$250.00,0.0
Mountain Hardwear AMG 75 Pack,None,$440.00,4.5
Sea to Summit Ultra-Sil Dry Sack - Set of 3,None,$41.73,4.0
Gregory Verte 18 Snow Pack,None,$149.95,4.4
Gregory Jade 43 Pack - Women's,None,$199.95,4.8
Gregory Maya 25 Pack - Women's,None,$139.95,3.7
Osprey Hikelite 18 Pack,None,$69.73,4.2
Osprey Kitsuma 1.5 Hydration Pack - Women's,None,$41.73,3.6
REI Co-op Trailmade 60 Pack - Women's,None,$169.00,4.2
Gregory Nano 22 H2O Hydration Pack - Plus Size,None,$66.93,4.5
SealLine Pro Zip Duffel - 100L,None,$359.95,3.5
Backcountry Access Float E2-25 Avalanche Airbag Pack,None,"$1,249.95",0.0
Black Diamond JetForce Pro Split Booster 25 L,None,$89.95,5.0
Cotopaxi Allpa 35 L Travel Pack,None,$200.00,4.7
Topo Designs Global Travel Bag 30L,None,$199.00,4.7
ALPS Mountaineering Hydro Trail 17 Pack,None,$81.73,3.8
Osprey Manta 34 Hydration Pack - Men's,None,$220.00,4.5
Osprey Aether 65 Pack - Men's,None,$320.00,4.5
GOT BAG The Rolltop Pack,None,$118.93,4.2
Chrome Urban Ex 2.0 Rolltop 30L Pack,None,$160.00,5.0
Black Diamond Distance 15 Pack - Women's,None,$179.95,4.5
Patagonia Atom 20L Tote Pack,None,$89.00,4.6
Herschel Supply Co. Little America Pack,None,$130.00,5.0
Gregory Citro 30 H2O Hydration Pack - Men's,None,$179.95,4.6
Deuter Aircontact Ultra 45 + 5 SL Pack - Women's,None,$186.93,4.9
Sea to Summit Ultra-Sil Stuff Sack - Set of 3,None,$34.73,0.0
Exped Typhoon 25 Pack,None,$99.95,4.4
HydraPak Camp Tap,None,$10.00,5.0
Osprey Sopris Pro 30 Avalanche Airbag Pack - Women's,None,$839.93,3.0
Gregory Baltoro 100 Pro Pack - Men's,None,$419.95,3.6
Gregory Nano 22 H2O Hydration Pack,None,$66.93,4.5
The North Face Jester Daypack,None,$75.00,4.7
Osprey IsoForm5 Pack Harness Shoulder Straps - Men's,None,$11.83,0.0
CamelBak High Flow Magnetic Tube Trap,None,$10.49,3.6
Osprey Aether 55 Pack - Men's,None,$300.00,4.4
Gregory Zulu 65 Pack - Men's,None,$186.73,4.0
REI Co-op Stuff Travel Pack - 20L,None,$34.95,4.3
REI Co-op Lightweight Stuff Sack,None,$12.95,4.8
Osprey Sojourn Porter 65 Travel Pack,None,$225.00,0.0
Gregory Maya 10 Pack - Women's,None,$74.73,4.5
Granite Gear Blaze 60 Pack - Men's,None,$299.95,4.2
Picture Organic Clothing Komit TR 26 Snow Pack,None,$160.00,0.0
REI Co-op Traverse 32 Pack - Men's,None,$83.39,4.5
Two Wheel Gear Spin Pack Messenger,None,$139.00,3.0
Osprey HydraJet 12 Hydration Pack - Kids',None,$80.00,5.0
Osprey Sirrus 36 Pack - Women's,None,$220.00,3.5
Timbuk2 Tuck Eco Pack,None,$65.93,3.7
Sea to Summit Mesh Stuff Sack - Set of 3,None,$27.73,0.0
Osprey Talon 44 Pack - Men's,None,$220.00,4.6
Mountain Hardwear Mesa Pack - Women's,None,$64.73,5.0
Hyperlite Mountain Gear Southwest 70 Pack,None,$425.00,4.5
Gregory Deva 60 Pack - Women's,None,$199.73,4.6
Mountain Hardwear Scrambler 25 Pack,None,$175.00,4.3
Noso Skull Patch,None,$13.95,0.0
Osprey Hydraulics Lumbar Reservoir - 1.5 Liters,None,$42.00,0.0
MYSTERY RANCH 2 Day Assault Pack,None,$229.00,4.7
Black Diamond JetForce Pro 10 L Avalanche Airbag Pack,None,"$1,499.95",5.0
REI Co-op Stuff Travel Print Pack - 20L,None,$34.95,4.6
MYSTERY RANCH Scree 32 Pack - Men's,None,$209.00,4.8
REI Co-op Ruckpack 40 Recycled Pack - Men's,None,$149.00,4.6
Osprey Skimmer 20 Hydration Pack - Women's,None,$89.73,3.0
EVOC Stage 18 Pack,None,$170.00,0.0
CamelBak Crux 2L Reservoir - 2 Liters,None,$27.69,3.9
MYSTERY RANCH Blitz 30 Pack,None,$279.00,4.8
MYSTERY RANCH Mission Rover 45 Pack,None,$249.00,4.8
Osprey IsoForm5 CM Custom Moldable Hipbelt - Women's,None,$9.83,0.0
The North Face Mini Recon Pack - Kids',None,$49.00,4.4
Fjallraven Splitpack,None,$175.00,4.3
Gregory Maven 45 Pack - Women's,None,$229.95,4.9
CamelBak Crux Insulated Tube,None,$14.99,3.7
Ortlieb Velocity PS Pack - 17L,None,$150.00,5.0
MYSTERY RANCH Terraframe 80 Pack - Men's,None,$499.00,4.7
MYSTERY RANCH Catalyst 18 Pack,None,$139.00,0.0
Fjallraven Kanken Art Plus Travel Daypack,None,$105.00,5.0
Gregory Raincover 30-50 L,None,$34.95,4.5
The North Face Surge Pack,None,$139.00,4.3
Sea to Summit Big River Dry Pack - 75 L,None,$199.95,4.9
Osprey Aura AG 50 Pack - Women's,None,$315.00,4.0
Osprey Ariel Plus 60 Pack - Women's,None,$291.93,0.0
REI Co-op Trail 25 Pack - Men's,None,$79.95,4.6
Osprey Nebula 32 Pack,None,$140.00,4.7
Black Diamond Cirque 22 Ski Vest Pack,None,$143.89,4.6
CamelBak Crux Reservoir On/Off Valve,None,$8.99,4.2
MYSTERY RANCH Coulee 30 Pack - Women's,None,$189.00,4.7
Mountain Hardwear PCT 55 L Pack - Men's,None,$209.93,4.0
Osprey Heritage Aether 30 Pack,None,$134.73,0.0
MYSTERY RANCH Glacier Pack - Women's,None,$375.00,4.6
Osprey Exos Pro 55 Pack - Men's,None,$290.00,4.0
Black Diamond Distance 15 Pack - Men's,None,$179.95,4.2
Deuter Speed Lite CV 23 SL Pack - Women's,None,$120.00,4.4
Black Diamond Dawn Patrol 25 Snow Pack - Eric Jackson Edition,None,$134.73,0.0
Deuter Speed Lite 13 Pack,None,$70.00,5.0
Gregory Katmai 65 Pack - Men's Plus Sizes,None,$229.93,4.9
Gregory 3D Hydro Trek Hydration Reservoir - 3 Liters,None,$54.95,4.2
Osprey Farpoint 40 Travel Pack - Men's,None,$185.00,4.7
Osprey UltraLight Pack Raincover - Large,None,$45.00,5.0
Sea to Summit Ultra-Sil Compression Sack,None,$34.95,4.8
Ortlieb Commuter-Daypack City,None,$170.00,4.7
Gregory Jade 38 Pack - Women's,None,$141.73,4.8
Osprey Skimmer 16 Hydration Pack - Women's,None,$74.73,0.0
CamelBak Rogue Light 7 L Hydration Pack - Women's,None,$63.69,3.8
Osprey Raptor 10 Hydration Pack - Men's,None,$99.73,5.0
REI Co-op Flash 18 Pack,None,$39.95,4.4
Osprey Katari 7 Hydration Pack - Men's,None,$90.00,0.0
Matador Beast 18 Technical Pack,None,$140.00,4.5
Gregory Zulu 40 Pack - Men's,None,$141.73,4.5
Gregory Zulu 45 Pack - Men's,None,$199.95,4.7
CamelBak Reservoir Filter Kit,None,$31.49,4.3
CamelBak Classic Light Hydration Pack,None,$56.19,4.5
Osprey Fairview 70 Travel Pack - Women's,None,$230.00,5.0
CamelBak Bite Valve Cover,None,$5.59,4.1
Platypus Big Zip EVO Reservoir - 3 Liters,None,$49.95,3.7
CamelBak Reservoir Cleaning Kit,None,$16.49,4.4
Gregory 3D Hydro Reservoir - 3 Liters,None,$31.73,2.6
Osprey Tempest 30 Pack - Women's,None,$139.93,4.7
ALPS Mountaineering Canyon 30 Pack,None,$63.73,3.1
Gregory Maya 20 Pack - Women's,None,$129.95,4.5
Osprey Aether Plus 60 Pack - Men's,None,$390.00,5.0
Black Diamond JetForce UL 26 Avalanche Airbag Pack,None,$629.93,3.7
Osprey Transporter Panel Loader Pack,None,$119.73,0.0
Osprey Hydraulics Lumbar Reservoir - 1.5 Liters,None,$21.73,0.0
MYSTERY RANCH Rip Ruck 24 Pack,None,$169.00,4.6
Osprey Talon 11 Pack - Men's,None,$99.93,4.4
Mazama Designs INTAKE Reservoir - 2 Liters,None,$22.73,4.3
Arc'teryx Aerios 30 Pack - Men's,None,$141.93,3.9
REI Co-op Ruckpack 28 Recycled Daypack - Women's,None,$99.95,4.1
Osprey Parsec 26 Pack,None,$170.00,5.0
Timbuk2 Muttmover Luxe Pack,None,$149.00,4.1
REI Co-op Packmod Mesh Pocket,None,$14.95,5.0
MYSTERY RANCH Rip Ruck 15 Pack,None,$129.00,4.6
Fjallraven Kanken Art Mini Travel Daypack,None,$90.00,5.0
Gregory Bite Valve Cover,None,$6.95,4.5
Osprey Hydraulics Reservoir - 2 Liters,None,$52.00,3.3
YETI Panga Pack 28,None,$300.00,4.7
Gregory Juno 24 H2O Hydration Pack - Women's,None,$169.95,4.5
REI Co-op Flash 22 Print Pack,None,$59.95,4.3
EVOC Hydro Pro 3 Hydration Pack,None,$140.00,5.0
Gregory Paragon 68 Pack - Men's,None,$279.95,4.6
REI Co-op Sleeping Bag Storage Sack,None,$19.95,4.8
Osprey Tempest 9 Pack - Women's,None,$99.93,4.1
Mountainsmith Zerk 40 Pack,None,$219.95,5.0
Topo Designs Rover Pack Classic,None,$99.00,4.5
Timbuk2 The Authority Pack DLX Eco,None,$159.00,4.3
Gregory Maya 20 Pack - Women's Plus Size,None,$129.95,4.3
Thule Aion Travel Pack - 40 L,None,$199.95,4.8
REI Co-op Ruckpack 18 Recycled Daypack,None,$64.95,4.1
MYSTERY RANCH Coulee 20 Pack - Men's,None,$179.00,4.3
Osprey Skimmer 28 Hydration Pack - Women's,None,$109.73,0.0
Osprey Heritage Scarab 30 Pack,None,$109.73,0.0
Sea to Summit Mesh Stuff Sack - Set of 3,None,$39.95,4.6
DAKINE Heli Pro 20L Snow Pack - Women's,None,$89.99,4.0
Gregory Verte 12 Snow Pack,None,$109.95,4.8
Cotopaxi Allpa 42 L Del Dia Travel Pack,None,$210.00,4.9
Osprey IsoForm4 Shoulder Straps - Women's,None,$10.83,0.0
Osprey Farpoint 65 Wheeled Travel Pack - Men's,None,$320.00,4.2
