name,price
Pebble L-Shape Sectional Sofa,"$2,499"
Todd Extended Sectional Chaise SofaClearance,"$2,339"
Ethan Corner SofaClearance,$499
Jonathan Chaise Sectional Sofa with OttomanSale,"$2,959"
Dawson L-Shape Sectional Sofa with OttomanSale,"$4,649"
Dawson Armless Sofa,$799
Mori Performance Fabric Armless 2 Seater Sofa,"$1,599"
Remi Chaise Sectional SofaSale,"$1,699"
Verona Terminal Chaise Sectional SofaClearance,"$1,899"
Auburn Performance Fabric Curve L-Shape Sectional Sofa with OttomanSale,"$3,609"
Isaac 3 Seater Sofa with OttomanSale,"$1,489"
Auburn Performance Fabric Extended 3 Seater Sofa with OttomanSale,"$2,669"
Auburn Performance Fabric Curve 3 Seater Sofa,"$2,499"
Jonathan Leather Armless 3 Seater Sofa,"$2,059"
Auburn Performance Fabric L-Shape Sectional Sofa,"$3,899"
Jonathan Leather Side Chaise Sectional,"$3,869"
Jonathan Leather Corner Sofa,"$1,299"
Marlow Curve 3 Seater SofaLimited Edition,"$3,079"
Marlow Wedge SofaLimited Edition,"$1,029"
Todd SofaClearance,"$1,019"
Marlow Armless 2 Seater SofaLimited Edition,"$1,699"
Adams 3 Seater Sofa with OttomanSale,"$1,239"
Isaac 3 Seater Sofa,"$1,199"
Jonathan Leather Armless Sofa,"$1,049"
Ethan Armless 2 Seater SofaClearance,$799
Pebble Ottoman,$329
Adams L-Shape Sectional SofaSale,"$2,069"
Jonathan Leather Chaise Sectional Sofa,"$4,499"
Jonathan Extended Side Chaise Sectional Sofa with OttomanSale,"$3,199"
Jonathan Ottoman,$419
Hamilton 3 Seater Sofa,"$1,599"
Verona 3 Seater SofaClearance,"$1,069"
Dawson Ottoman,$599
Jonathan Leather Extended Side Chaise Sectional,"$4,899"
Auburn Performance Fabric L-Shape Sectional Sofa with OttomanSale,"$4,179"
Jonathan Leather Extended Side Chaise Sofa with OttomanSale,"$4,069"
Mori Performance Fabric Armless L-Shape Sectional Sofa,"$4,399"
Isaac Leather Ottoman,$549
Auburn Performance Fabric Extended 3 Seater Sofa,"$2,329"
Jonathan Sofa,"$1,569"
Todd Extended Sectional Chaise Sofa with OttomanClearance,"$2,599"
Marlow Chaise Sectional SofaLimited Edition,"$4,679"
Marlow Armless SofaLimited Edition,$929
Auburn Performance Fabric Curve Wedge Sofa,$829
Mori Side Table,$299
Madison Ottoman,$349
Auburn Performance Fabric Armless Curve 3 Seater Sofa,"$2,429"
"Mori Build-Your-Own Living Room Set, 4-5 SeaterSale","$5,139"
Pebble 3 Seater Sofa with OttomanSale,"$1,449"
Auburn Wedge Storage Console,$499
Mori Performance Fabric Chaise Sectional Sofa,"$3,199"
Hamilton Round Chaise Sectional Sofa,"$2,599"
Auburn Performance Fabric Curve Corner Sofa,$929
Todd Right Arm SofaClearance,$549
Jonathan Leather Ottoman,$649
Madison 3 Seater Sofa,"$1,199"
Pebble Chaise Sectional Sofa with OttomanSale,"$2,019"
Marlow Performance Bouclé Armless Sofa,$729
Jonathan Leather L-Shape Sectional Sofa with OttomanSale,"$5,969"
Dawson Pit-Sectional Sofa,"$4,579"
Jonathan Leather Chaise Sectional Sofa with OttomanSale,"$4,889"
Marlow L-Shape SectionalLimited Edition,"$3,909"
Pebble 2 Seater Sofa,$999
Todd Left Arm SofaClearance,$629
Jonathan Extended Side Chaise Sofa with OttomanSale,"$2,439"
Amber Bouclé Swivel Chair with Kit Bouclé StoolSale,$649
Marlow Performance Bouclé Chaise Sectional Sofa,"$3,699"
Auburn Performance Fabric Right Arm Chaise,"$1,169"
Adams 3 Seater SofaSale,$959
Auburn Performance Fabric Right Arm Sofa,$869
Marlow Performance Bouclé Wedge Sofa,$829
Auburn Performance Fabric 3 Seater Sofa with OttomanSale,"$2,029"
Jonathan Leather L-Shape Sectional Sofa,"$5,629"
Isaac Ottoman,$379
Auburn Rectangular Storage Console,$499
Auburn Performance Fabric 3 Seater Sofa,"$1,699"
Solange Performance Bouclé SofaSale,"$1,699"
Lucas Performance Bouclé Sofa,"$1,599"
Todd Sectional Chaise SofaClearance,"$1,899"
"Lucia Cane Sofa, White WashSale","$1,429"
Marlow Performance Bouclé Curve 3 Seater Sofa,"$2,469"
Elias Angled Chaise Sectional SofaClearance,"$1,439"
Todd Extended SofaClearance,"$1,699"
Marlow Performance Bouclé L-Shape Sectional Sofa,"$3,069"
Madison 3 Seater Sofa with OttomanSale,"$1,469"
Elias Single Arm 2 Seater SofaClearance,$799
Elias Curve L-Shape Sectional SofaClearance,"$2,239"
Remi Ottoman,$349
Auburn Performance Fabric Armless Sofa,$669
Madison Leather Chaise Sectional Sofa with OttomanSale,"$3,439"
Adams Armchair with OttomanSale,$969
Remi Chaise Sectional Sofa with OttomanSale,"$1,929"
Dawson L-Shape Sectional Sofa,"$4,169"
Tana Chaise Sectional SofaClearance,"$1,439"
Owen 3 Seater Sofa,"$1,399"
Mori Performance Fabric Corner Sofa,"$1,269"
"Mori Build-Your-Own Living Room Set, 2-3 SeaterSale","$3,389"
Jonathan Corner Sofa,$829
Jonathan Leather Extended Sofa,"$3,299"
Ethan Left Arm ChaiseClearance,$759
Remi 3 Seater Sofa with OttomanSale,"$1,369"
Pebble Chaise Sectional Sofa,"$1,799"
Jonathan Chaise Sectional Sofa,"$2,699"
Auburn Performance Fabric Left Arm Chaise,"$1,169"
Gable Bouclé High Armchair & Ottoman SetSale,$999
Dawson Corner Sofa,$899
Ethan Right Arm ChaiseClearance,$759
Auburn Performance Fabric Chaise Sectional Sofa with OttomanSale,"$2,949"
Pebble Armchair with OttomanSale,$879
Jonathan Extended Side Chaise Sofa,"$2,149"
Elias Curve Terminal Chaise Sectional SofaClearance,"$2,069"
Isaac Leather Terminal Chaise Sectional Sofa,"$3,399"
Jonathan Side Chaise Sectional Sofa with OttomanSale,"$2,679"
Remi 3 Seater SofaSale,"$1,099"
"Lucia Cane Sofa, BlackSale","$1,429"
Hamilton Chaise Sectional Sofa,"$2,499"
Owen Build-Your-Own Living Room SetSale,"$2,579"
Jonathan Leather Extended Side Chaise Sofa,"$3,629"
Madison Leather Chaise Sectional SofaSale,"$3,039"
Auburn Performance Fabric Curve L-Shape Sectional Sofa,"$3,299"
Gable High Armchair & Ottoman SetSale,$999
Dawson Chaise Sectional Sofa with OttomanSale,"$3,699"
Mori Performance Fabric 3 Seater Sofa,"$1,899"
Adams 2 Seater Sofa,$999
Jonathan Extended Sofa,"$2,089"
Mori Performance Fabric Left Chaise Sofa,"$1,499"
Mori Performance Fabric Ottoman,$499
Auburn Performance Fabric Chaise Sectional Sofa,"$2,699"
Jonathan Leather Side Chaise Sofa,"$2,629"
Sierra Outdoor Armless Sofa,$599
Pebble 3 Seater Sofa,"$1,199"
Dawson 3 Seater Sofa with OttomanSale,"$2,179"
Jonathan Leather Extended Side Chaise Sectional with OttomanSale,"$5,269"
Mori Performance Fabric L-Shape Sectional Sofa,"$4,699"
Mori Performance Fabric Side Ottoman,$669
Jonathan Left Chaise,$879
Jonathan Leather Side Chaise Sectional with OttomanSale,"$4,289"
Elias Angled ChaiseClearance,$699
Jonathan Side Chaise Sofa,"$1,599"
Adams Chaise Sectional SofaSale,"$1,529"
Todd Right ChaiseClearance,$669
Jonathan Right Arm Sofa,$799
Sorrento Outdoor Armless Sofa,$499
Todd Armless SofaClearance,$489
Madison Leather 3 Seater SofaSale,"$1,899"
Auburn Performance Fabric Left Arm Sofa,$869
Isaac Terminal Chaise Sectional Sofa,"$2,399"
Jonathan Leather Right Chaise Sofa,"$1,499"
Jonathan Armless Sofa,$569
Jonathan Leather Left Chaise Sofa,"$1,499"
Todd Corner SofaClearance,$719
Tana SofaClearance,$899
Todd Left ChaiseClearance,$669
Auburn Performance Fabric Sectional Sofa,"$2,599"
Dawson Right Arm Sofa,$899
Adams Chaise Sectional Sofa with OttomanSale,"$1,769"
Jonathan Side Chaise Sectional Sofa,"$2,399"
Dawson Extended Sofa,"$2,469"
Auburn Performance Fabric Ottoman,$399
Madison Leather 3 Seater Sofa with OttomanSale,"$2,369"
Jonathan Side Chaise Sofa with OttomanSale,"$1,919"
Kit Bouclé Stool,$189
Madison Chaise Sectional Sofa with OttomanSale,"$2,039"
Mori Performance Fabric Right Chaise Sofa,"$1,499"
Madison Chaise Sectional Sofa,"$1,799"
Todd Side Chaise SofaClearance,"$1,259"
Owen Ottoman,$469
Jonathan Leather Right Arm Sofa,"$1,169"
Todd Extended Sofa with OttomanClearance,"$1,969"
Adams Ottoman,$369
Jonathan Leather Sofa,"$2,299"
Dawson Extended Sofa with OttomanSale,"$2,919"
"Auburn Build-Your-Own Living Room Set, 3-4 SeaterSale","$2,509"
Auburn Performance Fabric Sectional Sofa with OttomanSale,"$2,909"
Odette Performance Bouclé Sofa,"$1,499"
Jonathan Leather Side Chaise Sofa with OttomanSale,"$3,119"
Isaac Leather Reversible Sectional Sofa,"$2,399"
Dawson Chaise Sectional Sofa,"$3,299"
Madison Leather Armchair with OttomanSale,"$1,729"
Isaac Leather 3 Seater Sofa,"$1,799"
Jonathan Leather Armless 3 Seater Sofa with OttomanSale,"$2,569"
Isaac Leather 3 Seater Sofa with OttomanSale,"$2,229"
Todd Side Chaise Sofa with OttomanClearance,"$1,439"
Jonathan Leather Sofa with OttomanSale,"$2,799"
Jonathan Extended Side Chaise Sectional Sofa,"$2,949"
Owen Chaise Sectional Sofa,"$1,999"
Jonathan Leather Left Arm Sofa,"$1,169"
Madison Armchair with OttomanSale,$949
Auburn Performance Fabric Curve 3 Seater Sofa with OttomanSale,"$2,819"
Jonathan L-Shape Sectional Sofa,"$3,429"
Auburn Performance Fabric Armless Curve 3 Seater Sofa with OttomanSale,"$2,739"
Jonathan Sofa with OttomanSale,"$1,889"
Elias Corner SofaClearance,$699
Todd OttomanClearance,$259
"Isaac Leather Terminal Chaise Sectional Sofa with Ottoman, CognacSale","$3,749"
Dawson 3 Seater Sofa,"$1,699"
Jonathan Leather Extended Sofa with OttomanSale,"$3,749"
Todd Side Chaise Extended SofaClearance,"$1,739"
Isaac Reversible Sectional Sofa,"$1,599"
Elias Side ChaiseClearance,$659
Madison Leather Ottoman,$599
Dawson Left Arm Sofa,$899
Ethan 3 Seater SofaClearance,"$1,029"
Wayne Ottoman,$339
Jonathan Right Chaise,$879
Alfie Left Corner SofaClearance,$599
Jonathan Left Arm Sofa,$799
Isaac Terminal Chaise Sectional Sofa with OttomanSale,"$2,639"
Mori Performance Fabric Single Arm 2 Seater Sofa,"$1,769"
Jonathan Extended Sofa with OttomanSale,"$2,379"
Marlow Performance Bouclé Armless 2 Seater Sofa,"$1,399"
